experiment,SPICE
bs,0.19345946754006152
bs_npad0.3,0.19201683955619764
cbs,0.19392723099739936
hpbs,0.1944390921749041
kpc,0.1958446708070659
rs_t=0.7,0.17054658491512936
rs_t=1.0.top_c=10,0.15736948837058676
rs_t=1.3,0.18332892160111613
rs_t=1,0.13227708982400976
